case_number,year,month,day,expected_wa,Washington,diff,US
1,2014,1,4,98.201,90,8.201  38,3786
2,2014,1,11,73.631,78,-4.369,3825
3,2014,1,18,75.367,77,-1.633,3649
4,2014,1,25,97.307,88,9.307,3575
5,2014,2,1,61.246,69,-7.754,3603
6,2014,2,8,66.319,72,-5.681,3622
7,2014,2,15,103.6,92,11.6,3643
8,2014,2,22,90.342,84,6.342,3658
9,2014,3,1,79.48,80,-0.52,3781
10,2014,3,8,79.629,81,-1.371,3729
11,2014,3,15,78.709,80,-1.291,3721
12,2014,3,22,139.835,109,30.835,3599
13,2014,3,29,53.402,63,-9.598,3388
14,2014,4,5,81.142,80,1.142,3667
15,2014,4,12,65.78,76,-10.22,3762
16,2014,4,19,77.225,77,0.225,3638
17,2014,4,26,82.878,81,1.878,3659
18,2014,5,3,113.974,97,16.974,3777
19,2014,5,10,81.445,82,-0.555,3828
20,2014,5,17,119.998,99,20.998,3582
21,2014,5,24,93.563,88,5.563,3682
22,2014,5,31,109.472,96,13.472,3819
23,2014,6,7,94.803,92,2.803,3966
24,2014,6,14,115.385,99,16.385,3771
25,2014,6,21,99.914,93,6.914,3878
26,2014,6,28,77.742,81,-3.258,3889
27,2014,7,5,88.799,90,-1.201,4100
28,2014,7,12,85.13,85,0.13,3881
29,2014,7,19,65.323,73,-7.677,3776
30,2014,7,26,70.763,76,-5.237,3783
31,2014,8,2,69.846,75,-5.154,3722
32,2014,8,9,98.146,91,7.146,3944
33,2014,8,16,87.315,85,2.315,3875
34,2014,8,23,110.943,97,13.943,3880
35,2014,8,30,102.896,95,7.896,3975
36,2014,9,6,69.857,79,-9.143,4079
37,2014,9,13,97.459,91,6.459,3803
38,2014,9,20,77.365,81,-3.635,3866
39,2014,9,27,65.492,74,-8.508,3909
40,2014,10,4,78.727,81,-2.273,3813
41,2014,10,11,106.765,96,10.765,3972
42,2014,10,18,30.397,56,-25.603,3879
43,2014,10,25,66.27,74,-7.73,3817
44,2014,11,1,99.053,91,8.053,3753
45,2014,11,8,101.499,91,10.499,3929
46,2014,11,15,115.468,98,17.468,3780
47,2014,11,22,98.283,92,6.283,3905
48,2014,11,29,70.523,78,-7.477,3888
49,2014,12,6,89.174,88,1.174,3886
50,2014,12,13,73.111,79,-5.889,3893
51,2014,12,20,95.294,89,6.294,3890
52,2014,12,27,79.728,81,-1.272,3808
53,2015,1,3,87.395,87,0.395,4064
54,2015,1,10,107.838,98,9.838,4029
55,2015,1,17,97.71,92,5.71,4007
56,2015,1,24,90.779,88,2.779,3947
57,2015,1,31,49.041,66,-16.959,3786
58,2015,2,7,72.359,80,-7.641,4027
59,2015,2,14,98.148,91,7.148,3860
60,2015,2,21,83.824,83,0.824,3947
61,2015,2,28,92.335,87,5.335,3844
62,2015,3,7,107.419,98,9.419,4042
63,2015,3,14,99.625,94,5.625,4087
64,2015,3,21,44.401,66,-21.599,4042
65,2015,3,28,84.606,84,0.606,3792
66,2015,4,4,97.745,92,5.745,3950
67,2015,4,11,78.779,80,-1.221,3942
68,2015,4,18,82.701,84,-1.299,3953
69,2015,4,25,81.962,83,-1.038,3853
70,2015,5,2,69.686,77,-7.314,3928
71,2015,5,9,103.937,97,6.937,4181
72,2015,5,16,65.307,77,-11.693,4134
73,2015,5,23,85.43,85,0.43,3981
74,2015,5,30,84.636,86,-1.364,3998
75,2015,6,6,99.508,94,5.508,4193
76,2015,6,13,125.476,108,17.476,4178
77,2015,6,20,111.257,100,11.257,4116
78,2015,6,27,104.721,98,6.721,4183
79,2015,7,4,76.82,85,-8.18,4190
80,2015,7,11,103.78,100,3.78,4369
81,2015,7,18,149.228,121,28.228,4221
82,2015,7,25,104.242,96,8.242,4128
83,2015,8,1,103.051,98,5.051,4276
84,2015,8,8,116.129,107,9.129,4304
85,2015,8,15,89.735,90,-0.265,4121
86,2015,8,22,116.207,104,12.207,4205
87,2015,8,29,106.867,99,7.867,4146
88,2015,9,5,76.892,85,-8.108,4329
89,2015,9,12,144.109,119,25.109,4232
90,2015,9,19,115.154,101,14.154,3951
91,2015,9,26,83.998,86,-2.002,4149
92,2015,10,3,84.735,88,-3.265,4035
93,2015,10,10,105.436,101,4.436,4361
94,2015,10,17,101.28,95,6.28,4125
95,2015,10,24,78.993,83,-4.007,4066
96,2015,10,31,51.06,69,-17.94,4015
97,2015,11,7,89.075,90,-0.925,4168
98,2015,11,14,133.208,109,24.208,3941
99,2015,11,21,96.365,90,6.365,4017
100,2015,11,28,68.311,76,-7.689,3897
101,2015,12,5,124.212,108,16.212,4047
102,2015,12,12,105.525,98,7.525,4138
103,2015,12,19,86.607,86,0.607,4022
104,2015,12,26,97.26,92,5.26,3888
105,2016,1,2,83.423,85,-1.577,3957
106,2016,1,9,98.421,93,5.421,4052
107,2016,1,16,55.422,72,-16.578,4083
108,2016,1,23,83.64,84,-0.36,3926
109,2016,1,30,96.255,93,3.255,4116
110,2016,2,6,71.534,80,-8.466,4245
111,2016,2,13,65.018,78,-12.982,4236
112,2016,2,20,93.857,93,0.857,4247
113,2016,2,27,89.531,89,0.531,4171
114,2016,3,5,85.278,88,-2.722,4315
115,2016,3,12,98.423,97,1.423,4425
116,2016,3,19,90.04,92,-1.96,4356
117,2016,3,26,82.907,88,-5.093,4345
118,2016,4,2,74.627,84,-9.373,4329
119,2016,4,9,104.309,100,4.309,4450
120,2016,4,16,87.525,89,-1.475,4239
121,2016,4,23,130.35,111,19.35,4307
122,2016,4,30,62.671,77,-14.329,4216
123,2016,5,7,100.823,97,3.823,4330
124,2016,5,14,135.501,117,18.501,4395
125,2016,5,21,68.36,77,-8.64,4096
126,2016,5,28,88.638,92,-3.362,4396
127,2016,6,4,101.561,100,1.561,4416
128,2016,6,11,104.111,100,4.111,4513
129,2016,6,18,60.209,78,-17.791,4488
130,2016,6,25,93.649,95,-1.351,4458
131,2016,7,2,84.432,92,-7.568,4593
132,2016,7,9,67.799,83,-15.201,4713
133,2016,7,16,68.94,83,-14.06,4527
134,2016,7,23,117.444,107,10.444,4529
135,2016,7,30,141.281,119,22.281,4586
136,2016,8,6,108.872,104,4.872,4706
137,2016,8,13,68.372,84,-15.628,4553
138,2016,8,20,77.042,89,-11.958,4516
139,2016,8,27,86.898,92,-5.102,4470
140,2016,9,3,98.35,96,2.35,4467
141,2016,9,10,81.819,91,-9.181,4752
142,2016,9,17,122.023,108,14.023,4386
143,2016,9,24,101.077,98,3.077,4381
144,2016,10,1,91.748,92,-0.252,4353
145,2016,10,8,112.663,108,4.663,4676
146,2016,10,15,70.949,84,-13.051,4490
147,2016,10,22,63.813,79,-15.187,4386
148,2016,10,29,79.103,88,-8.897,4466
149,2016,11,5,52.077,74,-21.923,4576
150,2016,11,12,64.465,79,-14.535,4475
151,2016,11,19,89.585,93,-3.415,4547
152,2016,11,26,69.859,81,-11.141,4461
153,2016,12,3,83.632,90,-6.368,4593
154,2016,12,10,72.614,85,-12.386,4557
155,2016,12,17,74.143,83,-8.857,4359
156,2016,12,24,89.182,92,-2.818,4452
157,2016,12,31,104.919,99,5.919,4411
158,2017,1,7,108.049,105,3.049,4797
159,2017,1,14,115.748,108,7.748,4665
160,2017,1,21,135.075,117,18.075,4523
161,2017,1,28,120.464,110,10.464,4582
162,2017,2,4,83.752,92,-8.248,4596
163,2017,2,11,75.323,90,-14.677,4725
164,2017,2,18,62.605,80,-17.395,4451
165,2017,2,25,101.965,98,3.965,4424
166,2017,3,4,103.673,101,2.673,4676
167,2017,3,11,72.423,86,-13.577,4772
168,2017,3,18,110.614,103,7.614,4385
169,2017,3,25,107.261,104,3.261,4648
170,2017,4,1,105.137,100,5.137,4504
171,2017,4,8,110.567,107,3.567,4733
172,2017,4,15,70.111,85,-14.889,4622
173,2017,4,22,108.516,103,5.516,4475
174,2017,4,29,59.616,80,-20.384,4648
175,2017,5,6,107.075,103,4.075,4704
176,2017,5,13,69.755,84,-14.245,4527
177,2017,5,20,109.605,104,5.605,4722
178,2017,5,27,107.003,104,3.003,4649
179,2017,6,3,114.666,108,6.666,4808
180,2017,6,10,84.755,95,-10.245,4847
181,2017,6,17,80.192,91,-10.808,4709
182,2017,6,24,65.208,85,-19.792,4827
183,2017,7,1,117.381,109,8.381,4741
184,2017,7,8,135.373,122,13.373,5112
185,2017,7,15,122.56,110,12.56,4666
186,2017,7,22,120.395,112,8.395,4730
187,2017,7,29,113.069,108,5.069,4662
188,2017,8,5,130.315,118,12.315,4789
189,2017,8,12,106.836,105,1.836,4716
190,2017,8,19,105.256,103,2.256,4630
191,2017,8,26,123.991,112,11.991,4528
192,2017,9,2,115.551,108,7.551,4637
193,2017,9,9,159.479,130,29.479,4615
194,2017,9,16,71.683,87,-15.317,4665
195,2017,9,23,92.667,97,-4.333,4644
196,2017,9,30,126.732,118,8.732,4823
197,2017,10,7,83.481,92,-8.519,4794
198,2017,10,14,108.558,103,5.558,4549
199,2017,10,21,70.477,84,-13.523,4467
200,2017,10,28,92.302,94,-1.698,4509
201,2017,11,4,116.287,109,7.287,4666
202,2017,11,11,113.857,106,7.857,4653
203,2017,11,18,78.492,88,-9.508,4546
204,2017,11,25,79.941,89,-9.059,4499
205,2017,12,2,110.367,105,5.367,4553
206,2017,12,9,115.177,107,8.177,4652
207,2017,12,16,112.14,104,8.14,4511
208,2017,12,23,106.699,104,2.699,4653
209,2017,12,30,79.326,89,-9.674,4521
210,2018,1,6,116.442,113,3.442,5013
211,2018,1,13,105.542,105,0.542,4823
212,2018,1,20,86.603,91,-4.397,4507
213,2018,1,27,92.688,97,-4.312,4676
214,2018,2,3,72.466,86,-13.534,4626
215,2018,2,10,89.071,94,-4.929,4629
216,2018,2,17,101.863,99,2.863,4491
217,2018,2,24,99.932,97,2.932,4469
218,2018,3,3,117.377,107,10.377,4511
219,2018,3,10,73.888,86,-12.112,4540
220,2018,3,17,124.51,111,13.51,4485
221,2018,3,24,105.19,101,4.19,4403
222,2018,3,31,60.43,77,-16.57,4454
223,2018,4,7,128.813,116,12.813,4665
224,2018,4,14,76.254,87,-10.746,4511
225,2018,4,21,96.367,94,2.367,4381
226,2018,4,28,61.785,80,-18.215,4471
227,2018,5,5,51.994,76,-24.006,4749
228,2018,5,12,82.764,92,-9.236,4686
229,2018,5,19,114.746,104,10.746,4461
230,2018,5,26,82.149,87,-4.851,4458
231,2018,6,2,88.08,93,-4.92,4621
232,2018,6,9,129.684,120,9.684,5021
233,2018,6,16,153.661,129,24.661,4854
234,2018,6,23,84.611,92,-7.389,4657
235,2018,6,30,98.195,101,-2.805,4740
236,2018,7,7,117.475,115,2.475,5019
237,2018,7,14,137.61,120,17.61,4791
238,2018,7,21,113.023,108,5.023,4794
239,2018,7,28,105.395,104,1.395,4738
240,2018,8,4,120.008,113,7.008,4768
241,2018,8,11,121.967,114,7.967,4870
242,2018,8,18,124.854,111,13.854,4481
243,2018,8,25,59.908,78,-18.092,4419
244,2018,9,1,72.322,87,-14.678,4667
245,2018,9,8,121.236,113,8.236,4740
246,2018,9,15,102.441,100,2.441,4668
247,2018,9,22,67.251,83,-15.749,4714
248,2018,9,29,50.666,74,-23.334,4472
249,2018,10,6,119.185,112,7.185,4835
250,2018,10,13,127.458,112,15.458,4589
251,2018,10,20,105.951,99,6.951,4450
252,2018,10,27,79.869,90,-10.131,4597
253,2018,11,3,114.91,108,6.91,4558
254,2018,11,10,69.339,85,-15.662,4629
255,2018,11,17,62.575,79,-16.425,4524
256,2018,11,24,106.415,100,6.415,4279
257,2018,12,1,103.125,96,7.125,4241
258,2018,12,8,118.944,107,11.944,4529
259,2018,12,15,97.064,96,1.064,4351
260,2018,12,22,103.715,101,2.715,4499
261,2018,12,29,57.056,76,-18.944,4327
262,2019,1,5,133.529,118,15.529,4729
263,2019,1,12,95.908,98,-2.092,4623
264,2019,1,19,125.566,109,16.566,4423
265,2019,1,26,120.676,109,11.676,4378
266,2019,2,2,99.424,98,1.424,4495
267,2019,2,9,109.911,108,1.911,4786
268,2019,2,16,111.197,105,6.197,4483
269,2019,2,23,120.095,108,12.095,4425
270,2019,3,2,104.884,103,1.884,4673
271,2019,3,9,103.102,103,0.102,4723
272,2019,3,16,79.443,89,-9.557,4484
273,2019,3,23,85.463,92,-6.537,4562
274,2019,3,30,112.609,105,7.609,4509
275,2019,4,6,110.024,105,5.024,4709
276,2019,4,13,95.935,98,-2.065,4696
277,2019,4,20,115.427,106,9.427,4409
278,2019,4,27,76.472,87,-10.528,4494
279,2019,5,4,138.444,119,19.444,4615
280,2019,5,11,81.906,92,-10.094,4670
281,2019,5,18,87.798,92,-4.202,4551
282,2019,5,25,87.935,96,-8.065,4679
283,2019,6,1,96.781,100,-3.219,4872
284,2019,6,8,132.174,120,12.174,5023
285,2019,6,15,98.827,99,-0.173,4665
286,2019,6,22,91.077,96,-4.923,4712
287,2019,6,29,112.275,109,3.275,4803
288,2019,7,6,114.073,113,1.073,5192
289,2019,7,13,105.103,105,0.103,4905
290,2019,7,20,70.601,88,-17.399,4880
291,2019,7,27,136.151,121,15.151,4886
292,2019,8,3,79.417,91,-11.583,4769
293,2019,8,10,85.106,95,-9.894,5015
294,2019,8,17,127.602,117,10.602,4803
295,2019,8,24,91.687,97,-5.313,4844
296,2019,8,31,100.984,101,-0.016,4765
297,2019,9,7,94.759,103,-8.241,5083
298,2019,9,14,100.736,101,-0.264,4740
299,2019,9,21,66.957,84,-17.043,4704
300,2019,9,28,102.767,102,0.767,4761
301,2019,10,5,108.103,107,1.103,4913
302,2019,10,12,99.752,100,-0.248,4787
303,2019,10,19,107.748,105,2.748,4734
304,2019,10,26,78.814,89,-10.186,4602
305,2019,11,2,70.928,87,-16.072,4799
306,2019,11,9,79.365,92,-12.635,4844
307,2019,11,16,114.722,107,7.722,4679
308,2019,11,23,83.339,91,-7.661,4713
309,2019,11,30,95.2,97,-1.8,4686
310,2019,12,7,80.713,93,-12.287,4834
311,2019,12,14,79.593,91,-11.407,4823
312,2019,12,21,95.597,98,-2.403,4674
313,2019,12,28,114.63,108,6.63,4794
314,2020,1,4,120.951,114,6.951,5053
315,2020,1,11,101.288,103,-1.712,4882
316,2020,1,18,124.544,114,10.544,4732
317,2020,1,25,110.283,106,4.283,4655
318,2020,2,1,90.316,96,-5.684,4737
319,2020,2,8,103.154,106,-2.846,4965
320,2020,2,15,96.962,100,-3.038,4746
321,2020,2,22,85.026,94,-8.974,4835
322,2020,2,29,72.54,89,-16.46,4929
323,2020,3,7,116.495,114,2.495,5201
324,2020,3,14,107.025,107,0.025,5036
325,2020,3,21,98.893,100,-1.107,4818
326,2020,3,28,92.616,97,-4.384,4691
327,2020,4,4,119.705,111,8.705,4738
328,2020,4,11,116.768,111,4.768,4981
329,2020,4,18,166.911,135,31.911,4779
330,2020,4,25,115.502,113,2.502,5056
331,2020,5,2,83.801,99,-15.199,5283
332,2020,5,9,115.652,120,-4.348,5521
333,2020,5,16,131.61,124,7.61,5377
334,2020,5,23,126.16,121,5.16,5504
335,2020,5,30,110.929,115,-4.071,5583
336,2020,6,6,138.657,133,5.657,5851
337,2020,6,13,121.862,123,-0.138,5637
338,2020,6,20,100.624,111,-10.376,5677
339,2020,6,27,103.33,114,-10.67,5753
340,2020,7,4,111.104,119,-7.896,5905
341,2020,7,11,105.234,116,-10.766,5986
342,2020,7,18,110.719,118,-7.281,5919
343,2020,7,25,121.795,122,-0.205,5741
344,2020,8,1,154.255,139,15.255,5821
345,2020,8,8,111.1,117,-5.9,5788
346,2020,8,15,143.986,134,9.986,5763
347,2020,8,22,139.911,134,5.911,5833
348,2020,8,29,133.525,127,6.525,5645
349,2020,9,5,162.065,145,17.065,5867
350,2020,9,12,88.622,105,-16.378,5618
351,2020,9,19,104.987,112,-7.013,5501
352,2020,9,26,124.362,122,2.362,5432
353,2020,10,3,127.094,122,5.094,5581
354,2020,10,10,98.447,110,-11.553,5741
355,2020,10,17,105.069,110,-4.931,5333
356,2020,10,24,62.885,88,-25.115,5254
357,2020,10,31,107.367,109,-1.633,5263
358,2020,11,7,81.989,102,-20.011,5746
359,2020,11,14,116.494,115,1.494,5493
360,2020,11,21,130.21,122,8.21,5316
361,2020,11,28,116.357,113,3.357,5285
362,2020,12,5,115.406,115,0.406,5343
363,2020,12,12,111.461,115,-3.539,5465
364,2020,12,19,86.399,100,-13.601,5315
365,2020,12,26,133.58,126,7.58,5527
366,2021,1,2,102.529,113,-10.471,5801
367,2021,1,9,135.901,129,7.901,5744
368,2021,1,16,116.845,122,-2.155,5671
369,2021,1,23,98.229,107,-7.771,5480
370,2021,1,30,135.94,124,9.94,5425
371,2021,2,6,113.102,118,-3.898,5778
372,2021,2,13,101.392,110,-6.608,5532
373,2021,2,20,92.439,106,-11.561,5445
374,2021,2,27,108.246,117,-4.754,5655
375,2021,3,6,116.979,122,-0.021,5651
376,2021,3,13,120.667,119,3.667,5554
377,2021,3,20,112.407,119,-3.593,5833
378,2021,3,27,154.117,137,18.117,5697
379,2021,4,3,125.307,125,4.307,5685
380,2021,4,10,135.652,131,5.652,6192
381,2021,4,17,143.825,136,11.825,5793
382,2021,4,24,121.109,124,1.109,5860
383,2021,5,1,107.039,113,-3.961,5717
384,2021,5,8,105.419,116,-6.581,5911
385,2021,5,15,121.307,126,4.307,5756
386,2021,5,22,103.021,114,-5.979,6016
387,2021,5,29,100.277,115,-4.723,5852
388,2021,6,5,113.41,126,-1.59,6163
389,2021,6,12,145.342,154,15.342,6234
390,2021,6,19,101.582,117,-4.418,6151
391,2021,6,26,158.993,150,24.993,6050
392,2021,7,3,265.206,229,78.206,6165
393,2021,7,10,187.883,178,41.883,6309
394,2021,7,17,164.904,149,32.904,6001
395,2021,7,24,94.275,133,-5.725,6035
396,2021,7,31,140.48,146,22.48,6017